{
  "mods": [
    {
      "name": "base",
      "enabled": true
    },
    {
      "name": "advanced-logistics-system",
      "enabled": true
    },
    {
      "name": "AutoDeconstruct",
      "enabled": true
    },
    {
      "name": "autofill",
      "enabled": true
    },
    {
      "name": "BigBags",
      "enabled": true
    },
    {
      "name": "Bottleneck",
      "enabled": true
    },
    {
      "name": "Crafting_Speed_Research",
      "enabled": true
    },
    {
      "name": "Enhanced_Map_Colors",
      "enabled": true
    },
    {
      "name": "EvolGUI",
      "enabled": true
    },
    {
      "name": "Flow Control",
      "enabled": true
    },
    {
      "name": "hacked-splitters",
      "enabled": true
    },
    {
      "name": "Orphan Finder",
      "enabled": true
    },
    {
      "name": "PickerExtended",
      "enabled": true
    },
    {
      "name": "TheFatController",
      "enabled": true
    },
    {
      "name": "Warehousing v15",
      "enabled": true
    }
  ]
}
