{
  "startup": {
    "picker-unminable-construction-robots": {
      "value": true
    },
    "picker-unminable-logistic-robots": {
      "value": true
    },
    "picker-inventory-size": {
      "value": 60
    },
    "picker-requester-paste-multiplier": {
      "value": 10
    },
    "picker-reacher-reach-distance": {
      "value": 30
    },
    "picker-reacher-build-distance": {
      "value": 30
    },
    "picker-reacher-reach-resource-distance": {
      "value": 2.7
    },
    "picker-reacher-drop-item-distance": {
      "value": 6
    },
    "picker-reacher-item-pickup-distance": {
      "value": 1
    },
    "picker-reacher-loot-pickup-distance": {
      "value": 2
    },
    "picker-hide-mod-names": {
      "value": false
    },
    "picker-hide-planners": {
      "value": true
    },
    "picker-brighter-lights-player": {
      "value": false
    },
    "picker-brighter-lights-vehicles": {
      "value": false
    },
    "picker-roundup": {
      "value": true
    },
    "picker-smaller-tree-box": {
      "value": true
    },
    "picker-fast-replace-ug": {
      "value": false
    },
    "picker-iondicators-line": {
      "value": "vanilla"
    },
    "picker-iondicators-arrow": {
      "value": "vanilla"
    },
    "picker-smaller-gui-borders": {
      "value": true
    },
    "picker-small-unplugged-icon": {
      "value": true
    },
    "picker-tile-stack": {
      "value": 100
    },
    "picker-corpse-time": {
      "value": 3600
    },
    "picker-player-corpse-time": {
      "value": 54000
    }
  },
  "runtime-global": {
    "bottleneck-signals-per-tick": {
      "value": 40
    },
    "bottleneck-show-running-as": {
      "value": "green"
    },
    "bottleneck-show-stopped-as": {
      "value": "red"
    },
    "bottleneck-show-full-as": {
      "value": "yellow"
    }
  },
  "runtime-per-user": {
    "picker-find-orphans": {
      "value": true
    },
    "picker-itemcount": {
      "value": true
    },
    "picker-search-light": {
      "value": true
    },
    "picker-hide-minimap": {
      "value": true
    },
    "picker-auto-sort-inventory": {
      "value": false
    },
    "picker-quick-ug-mode": {
      "value": "safe"
    },
    "picker-alt-mode-default": {
      "value": true
    },
    "picker-auto-manual-train": {
      "value": true
    },
    "picker-camera-gui": {
      "value": false
    },
    "picker-camera-aa": {
      "value": false
    },
    "picker-camera-zoom": {
      "value": 1
    },
    "picker-blueprint-last": {
      "value": true
    },
    "picker-remember-planner": {
      "value": true
    },
    "picker-player-paste-modifier": {
      "value": 1
    },
    "picker-no-blueprint-inv": {
      "value": "none"
    },
    "picker-no-deconstruction-planner-inv": {
      "value": "none"
    },
    "picker-no-other-planner-inv": {
      "value": "none"
    },
    "picker-item-zapper-all": {
      "value": false
    },
    "picker-item-zapper": {
      "value": "blueprint-book pistol"
    }
  }
}
